{
  "dataset": "defacto",
  "precision@0.5": 0.007495738293644921,
  "recall@0.5": 0.016021354540479763,
  "f1@0.5": 0.010213152665291388,
  "iou@0.5": 0.005132789496586723,
  "num_images": 25001
}