{
  "dataset": "imd2020",
  "precision@0.5": 0.33523873053475256,
  "recall@0.5": 0.3113557613483864,
  "f1@0.5": 0.3228561637165887,
  "iou@0.5": 0.19250356629305487,
  "num_images": 197
}